ticker,company,gics_sector,gics_sub_industry,cik,country,state,city,zipcode,lat,lon,index
MMM,3M Company,Industrials,Industrial Conglomerates,66740,US,MN,St Paul,55144-1000,44.9437,-93.0943,S&P 500
ABBV,AbbVie Inc.,Health Care,Pharmaceuticals,1551152,US,IL,North Chicago,60064,42.3194,-87.8561,S&P 500
ABMD,ABIOMED Inc,Health Care,Health Care Equipment,815094,US,MA,Danvers,1923,42.576073,-70.916016,S&P 500
ATVI,Activision Blizzard,Communication Services,Interactive Home Entertainment,718877,US,CA,Santa Monica,90405,34.02035,-118.45312,S&P 500
ADBE,Adobe Inc.,Information Technology,Application Software,796343,US,CA,San Jose,95110-2704,37.3333,-121.9,S&P 500
AMD,Advanced Micro Devices Inc,Information Technology,Semiconductors,2488,US,CA,Santa Clara,95054,37.382294,-121.97213,S&P 500
AAP,Advance Auto Parts,Consumer Discretionary,Automotive Retail,1158449,US,NC,Raleigh,27604,35.84873,-78.600204,S&P 500
AES,AES Corp,Utilities,Independent Power Producers & Energy Traders,874761,US,VA,Arlington,22203,38.880028,-77.112495,S&P 500
AFL,AFLAC Inc,Financials,Life & Health Insurance,4977,US,GA,Columbus,31999,32.468506,-84.96449,S&P 500
A,Agilent Technologies Inc,Health Care,Health Care Equipment,1090872,US,CA,Santa Clara,95051,37.323093,-122.00448,S&P 500
APD,Air Products & Chemicals Inc,Materials,Industrial Gases,2969,US,PA,Allentown,18195-1501,40.6028,-75.4698,S&P 500
AKAM,Akamai Technologies Inc,Information Technology,Internet Services & Infrastructure,1086222,US,MA,Cambridge,2142,42.3652,-71.105,S&P 500
ALK,Alaska Air Group Inc,Industrials,Airlines,766421,US,WA,Seattle,98188,47.6032,-122.3303,S&P 500
ALB,Albemarle Corp,Materials,Specialty Chemicals,915913,US,NC,Charlotte,28209,35.15522,-80.83754,S&P 500
ARE,Alexandria Real Estate Equities,Real Estate,Office REITs,1035443,US,CA,Pasadena,91101,34.147194,-118.14293,S&P 500
ALXN,Alexion Pharmaceuticals,Health Care,Biotechnology,899866,US,MA,Boston,2210,42.350197,-71.04221,S&P 500
ALGN,Align Technology,Health Care,Health Care Supplies,1097149,US,CA,San Jose,95134,37.38986,-121.93604,S&P 500
LNT,Alliant Energy Corp,Utilities,Electric Utilities,352541,US,WI,Madison,53718-2148,43.152107,-89.2949,S&P 500
ALL,Allstate Corp,Financials,Property & Casualty Insurance,899051,US,IL,Northbrook,60062,42.108532,-87.8764,S&P 500
GOOGL,Alphabet Inc. (Class A),Communication Services,Interactive Media & Services,1652044,US,CA,Mountain View,94043,37.42353,-122.086815,S&P 500
GOOG,Alphabet Inc. (Class C),Communication Services,Interactive Media & Services,1652044,US,CA,Mountain View,94043,37.42353,-122.086815,S&P 500
MO,Altria Group Inc,Consumer Staples,Tobacco,764180,US,VA,Richmond,23230,37.5408,-77.4339,S&P 500
AMZN,Amazon.com Inc.,Consumer Discretionary,Internet & Direct Marketing Retail,1018724,US,WA,Seattle,98109,47.622227,-122.33714,S&P 500
AEE,Ameren Corp,Utilities,Multi-Utilities,1002910,US,MO,St Louis,63166-6149,38.620304,-90.20933,S&P 500
AAL,American Airlines Group,Industrials,Airlines,6201,US,TX,Fort Worth,76155,32.7499,-97.3303,S&P 500
AEP,American Electric Power,Utilities,Electric Utilities,4904,US,OH,Columbus,43215,39.9833,-82.9833,S&P 500
AXP,American Express Co,Financials,Consumer Finance,4962,US,NY,New York,10285,40.713,-74.0072,S&P 500
AIG,American International Group,Financials,Property & Casualty Insurance,5272,US,NY,New York,10038,40.706722,-74.00518000000002,S&P 500
AMT,American Tower Corp.,Real Estate,Specialized REITs,1053507,US,MA,Boston,2116,42.34642,-71.080246,S&P 500
AWK,American Water Works Company Inc,Utilities,Water Utilities,1410636,US,NJ,Camden,08102-1658,39.9452,-75.1188,S&P 500
AMP,Ameriprise Financial,Financials,Asset Management & Custody Banks,820027,US,MN,Minneapolis,55474,44.9833,-93.2667,S&P 500
ABC,AmerisourceBergen Corp,Health Care,Health Care Distributors,1140859,US,PA,Chesterbrook,19087-5594,40.06864,-75.46680500000002,S&P 500
AME,AMETEK Inc.,Industrials,Electrical Components & Equipment,1037868,US,PA,Berwyn,19312,40.06225,-75.46236400000002,S&P 500
AMGN,Amgen Inc.,Health Care,Biotechnology,318154,US,CA,Thousand Oaks,91320,34.1894,-118.875,S&P 500
APH,Amphenol Corp,Information Technology,Electronic Components,820313,US,CT,Wallingford,6492,41.46122,-72.83315,S&P 500
ADI,"Analog Devices, Inc.",Information Technology,Semiconductors,6281,US,MA,Norwood,2062,42.1944,-71.2,S&P 500
ANSS,ANSYS,Information Technology,Application Software,1013462,US,PA,Canonsburg,15317,40.2627,-80.1877,S&P 500
ANTM,Anthem,Health Care,Managed Health Care,1156039,US,IN,Indianapolis,46204,39.763603,-86.15211500000002,S&P 500
AOS,A.O. Smith Corp,Industrials,Building Products,91142,US,WI,Milwaukee,53224,43.15082,-88.05325,S&P 500
APA,Apache Corporation,Energy,Oil & Gas Exploration & Production,6769,US,TX,Houston,77056-4400,29.744884000000006,-95.46108,S&P 500
AIV,Apartment Investment & Management,Real Estate,Residential REITs,922864,US,CO,Denver,80237,39.632168,-104.89815,S&P 500
AAPL,Apple Inc.,Information Technology,"Technology Hardware, Storage & Peripherals",320193,US,CA,Cupertino,95014,37.3175,-122.0419,S&P 500
AMAT,Applied Materials Inc.,Information Technology,Semiconductor Equipment,6951,US,CA,Santa Clara,95054-3299,37.3544,-121.9692,S&P 500
ADM,Archer-Daniels-Midland Co,Consumer Staples,Agricultural Products,7084,US,IL,Chicago,60601,41.886875,-87.63041,S&P 500
ANET,Arista Networks,Information Technology,Communications Equipment,1596532,US,CA,Santa Clara,95054,37.3544,-121.9692,S&P 500
AJG,Arthur J. Gallagher & Co.,Financials,Insurance Brokers,354190,US,IL,Rolling Meadows,60008-4002,42.0761,-88.0258,S&P 500
AIZ,Assurant,Financials,Multi-line Insurance,1267238,US,NY,New York,10005,40.70793,-74.00854,S&P 500
T,AT&T Inc.,Communication Services,Integrated Telecommunication Services,732717,US,TX,Dallas,75202,32.779709999999994,-96.79927,S&P 500
ATO,Atmos Energy,Utilities,Gas Utilities,731802,US,TX,Dallas,75240,32.7758,-96.7967,S&P 500
ADSK,Autodesk Inc.,Information Technology,Application Software,769397,US,CA,San Rafael,94903,38.005547,-122.53243,S&P 500
ADP,Automatic Data Processing,Information Technology,Internet Services & Infrastructure,8670,US,NJ,Roseland,7068,40.8199,-74.3102,S&P 500
AZO,AutoZone Inc,Consumer Discretionary,Specialty Stores,866787,US,TN,Memphis,38103,35.142307,-90.05539,S&P 500
AVB,AvalonBay Communities,Real Estate,Residential REITs,915912,US,VA,Arlington,22203,38.878407,-77.11139,S&P 500
AVY,Avery Dennison Corp,Materials,Paper Packaging,8818,US,CA,Glendale,91203,34.1481,-118.2464,S&P 500
BKR,Baker Hughes Co,Energy,Oil & Gas Equipment & Services,1701605,US,TX,Houston,77073,29.96553,-95.36386,S&P 500
BLL,Ball Corp,Materials,Metal & Glass Containers,9389,US,CO,Broomfield,80021-2510,39.909573,-105.09829,S&P 500
BAC,Bank of America Corp,Financials,Diversified Banks,70858,US,NC,Charlotte,28255,35.2238,-80.8411,S&P 500
BK,The Bank of New York Mellon,Financials,Asset Management & Custody Banks,1390777,US,NY,New York,10286,40.715267,-74.01123,S&P 500
BAX,Baxter International Inc.,Health Care,Health Care Equipment,10456,US,IL,Deerfield,60015,42.1683,-87.8514,S&P 500
BDX,Becton Dickinson,Health Care,Health Care Equipment,10795,US,NJ,Franklin Lakes,07417-1880,41.0081,-74.2104,S&P 500
BBY,Best Buy Co. Inc.,Consumer Discretionary,Computer & Electronics Retail,764478,US,MN,Richfield,55423,44.86538,-93.30856,S&P 500
BIO,Bio-Rad Laboratories,Health Care,Life Sciences Tools & Services,12208,US,CA,Hercules,94547,38.023327,-122.27793,S&P 500
BIIB,Biogen Inc.,Health Care,Biotechnology,875045,US,MA,Cambridge,2142,42.36597,-71.08455,S&P 500
BLK,BlackRock,Financials,Asset Management & Custody Banks,1364742,US,NY,New York,10055,40.75891,-73.97419000000002,S&P 500
BA,Boeing Company,Industrials,Aerospace & Defense,12927,US,WA,Seattle,98124,47.6032,-122.3303,S&P 500
BKNG,Booking Holdings Inc,Consumer Discretionary,Internet & Direct Marketing Retail,1075531,US,CT,Norwalk,6854,41.09282,-73.45238499999998,S&P 500
BWA,BorgWarner,Consumer Discretionary,Auto Parts & Equipment,908255,US,MI,Auburn Hills,48326,42.6875,-83.2342,S&P 500
BXP,Boston Properties,Real Estate,Office REITs,1037540,US,MA,Boston,2199,42.348755,-71.08232,S&P 500
BSX,Boston Scientific,Health Care,Health Care Equipment,885725,US,MA,Marlborough,01752-1234,42.3458,-71.5528,S&P 500
BMY,Bristol-Myers Squibb,Health Care,Health Care Distributors,14272,US,NY,New York,10016,40.713,-74.0072,S&P 500
AVGO,Broadcom Inc.,Information Technology,Semiconductors,1730168,US,CA,San Jose,95131,37.385223,-121.90135,S&P 500
BR,Broadridge Financial Solutions,Information Technology,Data Processing & Outsourced Services,1383312,US,NY,Lake Success,11042,40.760155,-73.68932,S&P 500
CHRW,C. H. Robinson Worldwide,Industrials,Air Freight & Logistics,1043277,US,MN,Eden Prairie,55347,44.823895,-93.46705,S&P 500
COG,Cabot Oil & Gas,Energy,Oil & Gas Exploration & Production,858470,US,TX,Houston,77024,29.77764,-95.544464,S&P 500
CDNS,Cadence Design Systems,Information Technology,Application Software,813672,US,CA,San Jose,95134,37.397095,-121.91946000000002,S&P 500
CPB,Campbell Soup,Consumer Staples,Packaged Foods & Meats,16732,US,NJ,Camden,8103,39.9452,-75.1188,S&P 500
COF,Capital One Financial,Financials,Consumer Finance,927628,US,VA,Mclean,22102,38.924572,-77.21255,S&P 500
CAH,Cardinal Health Inc.,Health Care,Health Care Distributors,721371,US,OH,Dublin,43017,40.109974,-83.11796600000002,S&P 500
KMX,Carmax Inc,Consumer Discretionary,Specialty Stores,1170010,US,VA,Richmond,23238,37.637962,-77.67593000000002,S&P 500
CCL,Carnival Corp.,Consumer Discretionary,"Hotels, Resorts & Cruise Lines",815097,US,FL,Miami,33178-2428,25.810223,-80.337395,S&P 500
CTLT,Catalent,Health Care,Pharmaceuticals,1596783,US,NJ,Somerset,8873,40.52851500000001,-74.55291,S&P 500
CAT,Caterpillar Inc.,Industrials,Construction Machinery & Heavy Trucks,18230,US,IL,Deerfield,60015,42.15277,-87.84013,S&P 500
CBOE,Cboe Global Markets,Financials,Financial Exchanges & Data,1374310,US,IL,Chicago,60605,41.87678,-87.631775,S&P 500
CBRE,CBRE Group,Real Estate,Real Estate Services,1138118,US,CA,Los Angeles,90071,34.052215999999994,-118.253746,S&P 500
CDW,CDW,Information Technology,Technology Distributors,1402057,US,IL,Vernon Hills,60061,42.230747,-87.942474,S&P 500
CE,Celanese,Materials,Specialty Chemicals,1306830,US,TX,Irving,75039-5421,32.871227000000005,-96.942535,S&P 500
CNC,Centene Corporation,Health Care,Managed Health Care,1071739,US,MO,St Louis,63105,38.649925,-90.33431,S&P 500
CNP,CenterPoint Energy,Utilities,Multi-Utilities,1130310,US,TX,Houston,77002,29.757647,-95.3682,S&P 500
CERN,Cerner,Health Care,Health Care Technology,804753,US,MO,Kansas City,64117,39.148613,-94.54717,S&P 500
CF,CF Industries Holdings Inc,Materials,Fertilizers & Agricultural Chemicals,1324404,US,IL,Deerfield,60015,42.1683,-87.8514,S&P 500
SCHW,Charles Schwab Corporation,Financials,Investment Banking & Brokerage,316709,US,CA,San Francisco,94105,37.790413,-122.39314,S&P 500
CHTR,Charter Communications,Communication Services,Cable & Satellite,1091667,US,CT,Stamford,6901,41.05063,-73.53953,S&P 500
CVX,Chevron Corp.,Energy,Integrated Oil & Gas,93410,US,CA,San Ramon,94583,37.761497,-121.95989,S&P 500
CMG,Chipotle Mexican Grill,Consumer Discretionary,Restaurants,1058090,US,CA,Newport Beach,92660,33.617558,-117.8726,S&P 500
CHD,Church & Dwight,Consumer Staples,Household Products,313927,US,NJ,Ewing,8628,40.2627,-74.7983,S&P 500
CI,CIGNA Corp.,Health Care,Managed Health Care,1739940,US,CT,Bloomfield,6002,41.816803,-72.741615,S&P 500
CINF,Cincinnati Financial,Financials,Property & Casualty Insurance,20286,US,OH,Fairfield,45014,39.309406,-84.52322,S&P 500
CTAS,Cintas Corporation,Industrials,Diversified Support Services,723254,US,OH,Cincinnati,45262,39.1037,-84.5136,S&P 500
CSCO,Cisco Systems,Information Technology,Communications Equipment,858877,US,CA,San Jose,95134-1706,37.410137,-121.95387,S&P 500
C,Citigroup Inc.,Financials,Diversified Banks,831001,US,NY,New York,10013,40.720707,-74.010086,S&P 500
CFG,Citizens Financial Group,Financials,Regional Banks,759944,US,RI,Providence,2903,41.8245,-71.4127,S&P 500
CTXS,Citrix Systems,Information Technology,Application Software,877890,US,FL,Fort  Lauderdale,33309,26.203424,-80.15078000000003,S&P 500
CLX,The Clorox Company,Consumer Staples,Household Products,21076,US,CA,Oakland,94612-1888,37.8048,-122.2725,S&P 500
CME,CME Group Inc.,Financials,Financial Exchanges & Data,1156375,US,IL,Chicago,60606,41.8832,-87.6324,S&P 500
CMS,CMS Energy,Utilities,Multi-Utilities,811156,US,MI,Jackson,49201,42.2458,-84.4014,S&P 500
KO,Coca-Cola Company,Consumer Staples,Soft Drinks,21344,US,GA,Atlanta,30313,33.7485,-84.3915,S&P 500
CTSH,Cognizant Technology Solutions,Information Technology,IT Consulting & Other Services,1058290,US,NJ,Teaneck,7666,40.87237,-74.00674000000002,S&P 500
CL,Colgate-Palmolive,Consumer Staples,Household Products,21665,US,NY,New York,10022,40.756783,-73.97428000000002,S&P 500
CMCSA,Comcast Corp.,Communication Services,Cable & Satellite,1166691,US,PA,Philadelphia,19103-2838,39.95,-75.1667,S&P 500
CMA,Comerica Inc.,Financials,Diversified Banks,28412,US,TX,Dallas,75201,32.781128,-96.7969,S&P 500
CAG,Conagra Brands,Consumer Staples,Packaged Foods & Meats,23217,US,IL,Chicago,60654,41.887966,-87.63575,S&P 500
CXO,Concho Resources,Energy,Oil & Gas Exploration & Production,1358071,US,TX,Midland,79701,31.999477,-102.080666,S&P 500
COP,ConocoPhillips,Energy,Oil & Gas Exploration & Production,1163165,US,TX,Houston,77079,29.783207,-95.61767,S&P 500
ED,Consolidated Edison,Utilities,Electric Utilities,1047862,US,NY,New York,10003,40.734135,-73.98865500000002,S&P 500
STZ,Constellation Brands,Consumer Staples,Distillers & Vintners,16918,US,NY,Victor,14564,43.028385,-77.43796,S&P 500
COO,The Cooper Companies,Health Care,Health Care Supplies,711404,US,CA,San Ramon,94583,37.78,-121.9781,S&P 500
CPRT,Copart Inc,Industrials,Diversified Support Services,900075,US,TX,Dallas,75254,32.93918,-96.82226,S&P 500
GLW,Corning Inc.,Information Technology,Electronic Components,24741,US,NY,Corning,14831,42.143,-77.0524,S&P 500
CTVA,Corteva,Materials,Fertilizers & Agricultural Chemicals,1755672,US,DE,Wilmington,19805,39.75631,-75.60707,S&P 500
COST,Costco Wholesale Corp.,Consumer Staples,Hypermarkets & Super Centers,909832,US,WA,Issaquah,-98027,47.54949600000001,-122.05002,S&P 500
CCI,Crown Castle International Corp.,Real Estate,Specialized REITs,1051470,US,TX,Houston,77057,29.754911,-95.48271,S&P 500
CSX,CSX Corp.,Industrials,Railroads,277948,US,FL,Jacksonville,32202,30.326124,-81.66462,S&P 500
CMI,Cummins Inc.,Industrials,Industrial Machinery,26172,US,IN,Columbus,47202-3005,39.203438,-85.92254,S&P 500
CVS,CVS Health,Health Care,Health Care Services,64803,US,RI,Woonsocket,2895,42.0083,-71.5161,S&P 500
DHI,D. R. Horton,Consumer Discretionary,Homebuilding,882184,US,TX,Arlington,76011,32.7356,-97.1071,S&P 500
DHR,Danaher Corp.,Health Care,Health Care Equipment,313616,US,DC,Washington,20037-1701,38.902077,-77.04889,S&P 500
DRI,Darden Restaurants,Consumer Discretionary,Restaurants,940944,US,FL,Orlando,32837,28.5383,-81.3789,S&P 500
DVA,DaVita Inc.,Health Care,Health Care Facilities,927066,US,CO,Denver,80202,39.753544,-105.00303,S&P 500
DE,Deere & Co.,Industrials,Agricultural & Farm Machinery,315189,US,IL,Moline,61265-8098,41.4858,-90.4997,S&P 500
DAL,Delta Air Lines Inc.,Industrials,Airlines,27904,US,GA,Atlanta,30354-1989,33.7485,-84.3915,S&P 500
XRAY,Dentsply Sirona,Health Care,Health Care Supplies,818479,US,NC,Charlotte,28277-3607,35.05999,-80.84569,S&P 500
DVN,Devon Energy,Energy,Oil & Gas Exploration & Production,1090012,US,OK,Oklahoma City,73102,35.466488,-97.51849,S&P 500
DXCM,DexCom,Health Care,Health Care Equipment,1093557,US,CA,San Diego,92121,32.907309999999995,-117.185265,S&P 500
FANG,Diamondback Energy,Energy,Oil & Gas Exploration & Production,1539838,US,TX,Midland,79701,31.998463,-102.079414,S&P 500
DFS,Discover Financial Services,Financials,Consumer Finance,1393612,US,IL,Riverwoods,60015,42.1675,-87.897,S&P 500
DISCA,"Discovery, Inc. (Class A)",Communication Services,Broadcasting,1437107,US,MD,Silver Spring,20910,38.994553,-77.02801,S&P 500
DISCK,"Discovery, Inc. (Class C)",Communication Services,Broadcasting,1437107,US,MD,Silver Spring,20910,38.994553,-77.02801,S&P 500
DISH,Dish Network,Communication Services,Cable & Satellite,1001082,US,CO,Englewood,80112,39.540737,-104.8652,S&P 500
DG,Dollar General,Consumer Discretionary,General Merchandise Stores,29534,US,TN,Goodlettsville,37072,36.3269,-86.7042,S&P 500
DLTR,Dollar Tree,Consumer Discretionary,General Merchandise Stores,935703,US,VA,Chesapeake,23320,36.76693,-76.24311,S&P 500
D,Dominion Energy,Utilities,Electric Utilities,715957,US,VA,Richmond,23219,37.533905,-77.4536,S&P 500
DPZ,Domino's Pizza,Consumer Discretionary,Restaurants,1286681,US,MI,Ann Arbor,48106,42.2814,-83.7483,S&P 500
DOV,Dover Corporation,Industrials,Industrial Machinery,29905,US,IL,Downers Grove,60515,41.7947,-88.0169,S&P 500
DOW,Dow Inc.,Materials,Commodity Chemicals,1751788,US,MI,Midland,48674,43.6156,-84.2472,S&P 500
DTE,DTE Energy Co.,Utilities,Multi-Utilities,936340,US,MI,Detroit,48226,42.3329,-83.0478,S&P 500
DUK,Duke Energy,Utilities,Electric Utilities,1326160,US,NC,Charlotte,28202,35.223804,-80.84801999999998,S&P 500
DRE,Duke Realty Corp,Real Estate,Industrial REITs,783280,US,IN,Indianapolis,46240,39.913548,-86.10659,S&P 500
DD,DuPont de Nemours Inc,Materials,Specialty Chemicals,1666700,US,DE,Wilmington,19805,39.75631,-75.60707,S&P 500
DXC,DXC Technology,Information Technology,IT Consulting & Other Services,1688568,US,VA,Tysons,22102,38.921257,-77.22179,S&P 500
EMN,Eastman Chemical,Materials,Diversified Chemicals,915389,US,TN,Kingsport,37660,36.539,-82.5409,S&P 500
EBAY,eBay Inc.,Consumer Discretionary,Internet & Direct Marketing Retail,1065088,US,CA,San Jose,95125,37.29627,-121.92695,S&P 500
ECL,Ecolab Inc.,Materials,Specialty Chemicals,31462,US,MN,Saint Paul,55102,44.9437,-93.0943,S&P 500
EIX,Edison Int'l,Utilities,Electric Utilities,827052,US,CA,Rosemead,91770,34.0539,-118.08196,S&P 500
EW,Edwards Lifesciences,Health Care,Health Care Equipment,1099800,US,CA,Irvine,92614,33.6694,-117.8231,S&P 500
EA,Electronic Arts,Communication Services,Interactive Home Entertainment,712515,US,CA,Redwood City,94065,37.51901,-122.252426,S&P 500
EMR,Emerson Electric Company,Industrials,Electrical Components & Equipment,32604,US,MO,St Louis,63136,38.72909,-90.27784,S&P 500
ETR,Entergy Corp.,Utilities,Electric Utilities,65984,US,LA,New Orleans,70113,29.949121,-90.076355,S&P 500
EOG,EOG Resources,Energy,Oil & Gas Exploration & Production,821189,US,TX,Houston,77002,29.759192,-95.37077,S&P 500
EFX,Equifax Inc.,Industrials,Research & Consulting Services,33185,US,GA,Atlanta,30302,33.7983,-84.391014,S&P 500
EQIX,Equinix,Real Estate,Specialized REITs,1101239,US,CA,Redwood City,94065,37.4828,-122.2361,S&P 500
EQR,Equity Residential,Real Estate,Residential REITs,906107,US,IL,Chicago,60606,41.8832,-87.6324,S&P 500
ESS,"Essex Property Trust, Inc.",Real Estate,Residential REITs,920522,US,CA,San Mateo,94403,37.5472,-122.3144,S&P 500
EL,Est√©e Lauder Companies,Consumer Staples,Personal Products,1001250,US,NY,New York,10153,40.7639,-73.97328,S&P 500
ETSY,Etsy,Consumer Discretionary,Internet & Direct Marketing Retail,1370637,US,NY,Brooklyn,11201,40.700413,-73.98869,S&P 500
EVRG,Evergy,Utilities,Electric Utilities,1711269,US,MO,Kansas City,64105,39.09981,-94.583206,S&P 500
ES,Eversource Energy,Utilities,Multi-Utilities,72741,US,MA,Springfield,1104,42.147743,-72.54406999999998,S&P 500
EXC,Exelon Corp.,Utilities,Multi-Utilities,1109357,US,IL,Chicago,60680-5398,41.8832,-87.6324,S&P 500
EXPE,Expedia Group,Consumer Discretionary,Internet & Direct Marketing Retail,1324424,US,WA,Seattle,98119,47.6032,-122.3303,S&P 500
EXPD,Expeditors,Industrials,Air Freight & Logistics,746515,US,WA,Seattle,98104,47.605762,-122.33416,S&P 500
EXR,Extra Space Storage,Real Estate,Specialized REITs,1289490,US,UT,Salt Lake City,84121,40.632645,-111.811714,S&P 500
XOM,Exxon Mobil Corp.,Energy,Integrated Oil & Gas,34088,US,TX,Irving,75039-2298,32.8117,-96.9508,S&P 500
FFIV,F5 Networks,Information Technology,Communications Equipment,1048695,US,WA,Seattle,98119,47.627197,-122.3692,S&P 500
FB,"Facebook, Inc.",Communication Services,Interactive Media & Services,1326801,US,CA,Menlo Park,94025,37.4528,-122.1833,S&P 500
FAST,Fastenal Co,Industrials,Building Products,815556,US,MN,Winona,55987,44.06424000000001,-91.6888,S&P 500
FRT,Federal Realty Investment Trust,Real Estate,Retail REITs,34903,US,MD,Rockville,20852-4041,39.061623,-77.12849399999998,S&P 500
FDX,FedEx Corporation,Industrials,Air Freight & Logistics,1048911,US,TN,Memphis,-38120,35.107409999999994,-89.85852,S&P 500
FIS,Fidelity National Information Services,Information Technology,Data Processing & Outsourced Services,1136893,US,FL,Jacksonville,32204,30.318632,-81.67560999999998,S&P 500
FITB,Fifth Third Bancorp,Financials,Regional Banks,35527,US,OH,Cincinnati,45263,39.1037,-84.5136,S&P 500
FE,FirstEnergy Corp,Utilities,Electric Utilities,1031296,US,OH,Akron,44308-1890,41.083313,-81.51758000000002,S&P 500
FISV,Fiserv Inc,Information Technology,Data Processing & Outsourced Services,798354,US,WI,Brookfield,53045,43.034138,-88.14014,S&P 500
FLT,FleetCor Technologies Inc,Information Technology,Data Processing & Outsourced Services,1175454,US,GA,Atlanta,30305,33.7485,-84.3915,S&P 500
FLIR,FLIR Systems,Information Technology,Electronic Equipment & Instruments,354908,US,OR,Wilsonville,97070,45.31962,-122.76706,S&P 500
FLS,Flowserve Corporation,Industrials,Industrial Machinery,30625,US,TX,Irving,75039,32.8117,-96.9508,S&P 500
FMC,FMC Corporation,Materials,Fertilizers & Agricultural Chemicals,37785,US,PA,Philadelphia,19104,39.951656,-75.18281,S&P 500
F,Ford Motor Company,Consumer Discretionary,Automobile Manufacturers,37996,US,MI,Dearborn,48126,42.3221,-83.1759,S&P 500
FTNT,Fortinet,Information Technology,Systems Software,1262039,US,CA,Sunnyvale,94086,37.3711,-122.0375,S&P 500
FTV,Fortive Corp,Industrials,Industrial Machinery,1659166,US,WA,Everett,98203,47.936523,-122.263214,S&P 500
FBHS,Fortune Brands Home & Security,Industrials,Building Products,1519751,US,IL,Deerfield,60015,42.152782,-87.84104,S&P 500
FOXA,Fox Corporation (Class A),Communication Services,Movies & Entertainment,1754301,US,NY,New York,10036,40.758404,-73.98153,S&P 500
FOX,Fox Corporation (Class B),Communication Services,Movies & Entertainment,1754301,US,NY,New York,10036,40.758404,-73.98153,S&P 500
BEN,Franklin Resources,Financials,Asset Management & Custody Banks,38777,US,CA,San Mateo,94403,37.5472,-122.3144,S&P 500
FCX,Freeport-McMoRan Inc.,Materials,Copper,831259,US,AZ,Phoenix,85004,33.451756,-112.07381,S&P 500
IT,Gartner Inc,Information Technology,IT Consulting & Other Services,749251,US,CT,Stamford,06904-2212,41.031467,-73.54902,S&P 500
GD,General Dynamics,Industrials,Aerospace & Defense,40533,US,VA,Reston,20190,38.94700200000001,-77.32838000000002,S&P 500
GE,General Electric,Industrials,Industrial Conglomerates,40545,US,MA,Boston,2210,42.34965,-71.05051,S&P 500
GIS,General Mills,Consumer Staples,Packaged Foods & Meats,40704,US,MN,Minneapolis,55426,44.9833,-93.2667,S&P 500
GM,General Motors,Consumer Discretionary,Automobile Manufacturers,1467858,US,MI,Detroit,48265-3000,42.329895,-83.04030999999998,S&P 500
GPC,Genuine Parts,Consumer Discretionary,Specialty Stores,40987,US,GA,Atlanta,30339,33.7485,-84.3915,S&P 500
GILD,Gilead Sciences,Health Care,Biotechnology,882095,US,CA,Foster City,94404,37.567833,-122.28318,S&P 500
GL,Globe Life Inc.,Financials,Life & Health Insurance,320335,US,TX,Mckinney,75070,33.16899,-96.728806,S&P 500
GPN,Global Payments Inc.,Information Technology,Data Processing & Outsourced Services,1123360,US,GA,Atlanta,30326,33.849625,-84.361305,S&P 500
GS,Goldman Sachs Group,Financials,Investment Banking & Brokerage,886982,US,NY,New York,10282,40.713886,-74.0139,S&P 500
GWW,Grainger (W.W.) Inc.,Industrials,Industrial Machinery,277135,US,IL,Lake Forest,60045-5201,42.2347,-87.8508,S&P 500
HAL,Halliburton Co.,Energy,Oil & Gas Equipment & Services,45012,US,TX,Houston,77032,29.7628,-95.3831,S&P 500
HBI,Hanesbrands Inc,Consumer Discretionary,"Apparel, Accessories & Luxury Goods",1359841,US,NC,Winston-Salem,27105,36.18729,-80.26774,S&P 500
HIG,Hartford Financial Svc.Gp.,Financials,Property & Casualty Insurance,874766,US,CT,Hartford,6155,41.7658,-72.6734,S&P 500
HAS,Hasbro Inc.,Consumer Discretionary,Leisure Products,46080,US,RI,Pawtucket,2861,41.882977,-71.35419,S&P 500
HCA,HCA Healthcare,Health Care,Health Care Facilities,860730,US,TN,Nashville,37203,36.1667,-86.7833,S&P 500
PEAK,Healthpeak Properties,Real Estate,Health Care REITs,765880,US,CA,Irvine,92614,33.68607,-117.85736,S&P 500
HSIC,Henry Schein,Health Care,Health Care Distributors,1000228,US,NY,Melville,11747,40.767723,-73.41159,S&P 500
HSY,The Hershey Company,Consumer Staples,Packaged Foods & Meats,47111,US,PA,Hershey,17033,40.285454,-76.65084,S&P 500
HES,Hess Corporation,Energy,Integrated Oil & Gas,4447,US,NY,New York,10036,40.75756,-73.98214,S&P 500
HPE,Hewlett Packard Enterprise,Information Technology,"Technology Hardware, Storage & Peripherals",1645590,US,CA,San Jose,95002,37.3333,-121.9,S&P 500
HLT,Hilton Worldwide Holdings Inc,Consumer Discretionary,"Hotels, Resorts & Cruise Lines",1585689,US,VA,Mclean,22102,38.928326,-77.21644,S&P 500
HFC,HollyFrontier Corp,Energy,Oil & Gas Refining & Marketing,48039,US,TX,Dallas,75201,32.79423,-96.80853,S&P 500
HOLX,Hologic,Health Care,Health Care Equipment,859737,US,MA,Marlborough,1752,42.3458,-71.5528,S&P 500
HD,Home Depot,Consumer Discretionary,Home Improvement Retail,354950,US,GA,Atlanta,30339-4024,33.862007,-84.483215,S&P 500
HON,Honeywell Int'l Inc.,Industrials,Industrial Conglomerates,773840,US,NC,Charlotte,28202,35.225597,-80.8454,S&P 500
HRL,Hormel Foods Corp.,Consumer Staples,Packaged Foods & Meats,48465,US,MN,Austin,55912-3680,43.681625,-92.96787,S&P 500
HST,Host Hotels & Resorts,Real Estate,Hotel & Resort REITs,1070750,US,MD,Bethesda,20814,38.98099000000001,-77.09463000000002,S&P 500
HWM,Howmet Aerospace,Industrials,Aerospace & Defense,4281,US,PA,Pittsburgh,15212-5872,40.44794,-80.00197,S&P 500
HPQ,HP Inc.,Information Technology,"Technology Hardware, Storage & Peripherals",47217,US,CA,Palo Alto,94304,37.4292,-122.1381,S&P 500
HUM,Humana Inc.,Health Care,Managed Health Care,49071,US,KY,Louisville,40202,38.256805,-85.75831600000002,S&P 500
HBAN,Huntington Bancshares,Financials,Regional Banks,49196,US,OH,Columbus,43287,39.9833,-82.9833,S&P 500
HII,Huntington Ingalls Industries,Industrials,Aerospace & Defense,1501585,US,VA,Newport News,23607,36.98635,-76.435684,S&P 500
IEX,IDEX Corporation,Industrials,Industrial Machinery,832101,US,IL,Lake Forest,60045,42.24253,-87.89244000000002,S&P 500
IDXX,IDEXX Laboratories,Health Care,Health Care Equipment,874716,US,ME,Westbrook,04092-2041,43.6853,-70.3572,S&P 500
ITW,Illinois Tool Works,Industrials,Industrial Machinery,49826,US,IL,Glenview,60025,42.0794,-87.8156,S&P 500
ILMN,Illumina Inc,Health Care,Life Sciences Tools & Services,1110803,US,CA,San Diego,92122,32.715,-117.1625,S&P 500
INCY,Incyte,Health Care,Biotechnology,879169,US,DE,Wilmington,19803,39.76133,-75.55548,S&P 500
IR,Ingersoll Rand,Industrials,Industrial Machinery,1699150,US,WI,Milwaukee,53202,43.031677,-87.90900400000002,S&P 500
INTC,Intel Corp.,Information Technology,Semiconductors,50863,US,CA,Santa Clara,95054,37.38863,-121.96352,S&P 500
ICE,Intercontinental Exchange,Financials,Financial Exchanges & Data,1571949,US,GA,Atlanta,30328,33.908676,-84.432846,S&P 500
IBM,International Business Machines,Information Technology,IT Consulting & Other Services,51143,US,NY,Armonk,10504,41.109653,-73.72466999999997,S&P 500
IP,International Paper,Materials,Paper Packaging,51434,US,TN,Memphis,38197,35.100468,-89.85178,S&P 500
IPG,Interpublic Group,Communication Services,Advertising,51644,US,NY,New York,10022,40.758724,-73.968636,S&P 500
IFF,International Flavors & Fragrances,Materials,Specialty Chemicals,51253,US,NY,New York,10019,40.769688,-73.98991,S&P 500
INTU,Intuit Inc.,Information Technology,Application Software,896878,US,CA,Mountain View,94043,37.43062000000001,-122.097984,S&P 500
ISRG,Intuitive Surgical Inc.,Health Care,Health Care Equipment,1035267,US,CA,Sunnyvale,94086,37.3711,-122.0375,S&P 500
IVZ,Invesco Ltd.,Financials,Asset Management & Custody Banks,914208,US,GA,Atlanta,30309,33.797287,-84.38895,S&P 500
IPGP,IPG Photonics Corp.,Information Technology,Electronic Manufacturing Services,1111928,US,MA,Oxford,1540,42.086292,-71.88002,S&P 500
IQV,IQVIA Holdings Inc.,Health Care,Life Sciences Tools & Services,1478242,US,NC,Durham,27703,35.879044,-78.84104,S&P 500
IRM,Iron Mountain Incorporated,Real Estate,Specialized REITs,1020569,US,MA,Boston,2110,42.3581,-71.0636,S&P 500
JKHY,Jack Henry & Associates,Information Technology,Data Processing & Outsourced Services,779152,US,MO,Monett,65708-0807,36.9236,-93.9222,S&P 500
J,Jacobs Engineering Group,Industrials,Construction & Engineering,52988,US,TX,Dallas,75201,32.784595,-96.79667,S&P 500
JBHT,J. B. Hunt Transport Services,Industrials,Trucking,728535,US,AR,Lowell,72745,36.24678,-94.1472,S&P 500
SJM,JM Smucker,Consumer Staples,Packaged Foods & Meats,91419,US,OH,Orrville,44667,40.8333,-81.7667,S&P 500
JNJ,Johnson & Johnson,Health Care,Pharmaceuticals,200406,US,NJ,New Brunswick,8933,40.4867,-74.4444,S&P 500
JPM,JPMorgan Chase & Co.,Financials,Diversified Banks,19617,US,NY,New York,10017,40.755547,-73.97726999999998,S&P 500
JNPR,Juniper Networks,Information Technology,Communications Equipment,1043604,US,CA,Sunnyvale,94089,37.3711,-122.0375,S&P 500
KSU,Kansas City Southern,Industrials,Railroads,54480,US,MO,Kansas City,64105,39.10012,-94.58892,S&P 500
K,Kellogg Co.,Consumer Staples,Packaged Foods & Meats,55067,US,MI,Battle Creek,49016-3599,42.3122,-85.2042,S&P 500
KEY,KeyCorp,Financials,Regional Banks,91576,US,OH,Cleveland,44114-1306,41.500454,-81.694016,S&P 500
KEYS,Keysight Technologies,Information Technology,Electronic Equipment & Instruments,1601046,US,CA,Santa Rosa,95403,38.4839,-122.712074,S&P 500
KMB,Kimberly-Clark,Consumer Staples,Household Products,55785,US,TX,Irving,75038,32.868790000000004,-96.94926,S&P 500
KIM,Kimco Realty,Real Estate,Retail REITs,879101,US,NY,New Hyde Park,11042,40.7353,-73.6884,S&P 500
KMI,Kinder Morgan,Energy,Oil & Gas Storage & Transportation,1506307,US,TX,Houston,77002,29.75846,-95.36755,S&P 500
KLAC,KLA Corporation,Information Technology,Semiconductor Equipment,319201,US,CA,Milpitas,95035,37.4308,-121.8975,S&P 500
KHC,Kraft Heinz Co,Consumer Staples,Packaged Foods & Meats,1637459,US,PA,Pittsburgh,15222,40.4422,-79.995,S&P 500
KR,Kroger Co.,Consumer Staples,Food Retail,56873,US,OH,Cincinnati,45201,39.10637,-84.51427,S&P 500
LB,L Brands Inc.,Consumer Discretionary,Apparel Retail,701985,US,OH,Columbus,43216,39.9833,-82.9833,S&P 500
LH,Laboratory Corp. of America Holding,Health Care,Health Care Services,920148,US,NC,Burlington,27215,36.093426,-79.437256,S&P 500
LRCX,Lam Research,Information Technology,Semiconductor Equipment,707549,US,CA,Fremont,94538,37.483875,-121.96457,S&P 500
LW,Lamb Weston Holdings Inc,Consumer Staples,Packaged Foods & Meats,1679273,US,ID,Eagle,83616,43.689816,-116.355354,S&P 500
LVS,Las Vegas Sands,Consumer Discretionary,Casinos & Gaming,1300514,US,NV,Las Vegas,89109,36.1691,-115.1406,S&P 500
LEG,Leggett & Platt,Consumer Discretionary,Home Furnishings,58492,US,MO,Carthage,64836,37.177166,-94.3832,S&P 500
LDOS,Leidos Holdings,Information Technology,IT Consulting & Other Services,1336920,US,VA,Reston,20190,38.959404,-77.35763,S&P 500
LEN,Lennar Corp.,Consumer Discretionary,Homebuilding,920760,US,FL,Miami,33172,25.775686,-80.36955999999998,S&P 500
LLY,Lilly (Eli) & Co.,Health Care,Pharmaceuticals,59478,US,IN,Indianapolis,46285,39.791,-86.148,S&P 500
LNC,Lincoln National,Financials,Multi-line Insurance,59558,US,PA,Radnor,19087,40.038704,-75.36601,S&P 500
LYV,Live Nation Entertainment,Communication Services,Movies & Entertainment,1335258,US,CA,Beverly Hills,90210,34.075990000000004,-118.39671,S&P 500
LKQ,LKQ Corporation,Consumer Discretionary,Distributors,1065696,US,IL,Chicago,60661,41.88189000000001,-87.63981,S&P 500
LMT,Lockheed Martin Corp.,Industrials,Aerospace & Defense,936468,US,MD,Bethesda,20817,39.03017,-77.13736,S&P 500
L,Loews Corp.,Financials,Multi-line Insurance,60086,US,NY,New York,10065-8087,40.76467,-73.97061,S&P 500
LOW,Lowe's Cos.,Consumer Discretionary,Home Improvement Retail,60667,US,NC,Mooresville,28117,35.544865,-80.85183,S&P 500
LUMN,Lumen Technologies,Communication Services,Alternative Carriers,18926,US,LA,Monroe,71203,32.5008,-92.1112,S&P 500
LYB,LyondellBasell,Materials,Specialty Chemicals,1489393,US,TX,Houston,77010,29.755783,-95.36297,S&P 500
MTB,M&T Bank Corp.,Financials,Regional Banks,36270,US,NY,Buffalo,14203,42.8877,-78.8794,S&P 500
MRO,Marathon Oil Corp.,Energy,Oil & Gas Exploration & Production,101778,US,TX,Houston,77253-3128,29.7628,-95.3831,S&P 500
MPC,Marathon Petroleum,Energy,Oil & Gas Refining & Marketing,1510295,US,OH,Findlay,45840-3229,41.036503,-83.65026999999998,S&P 500
MKTX,MarketAxess,Financials,Financial Exchanges & Data,1278021,US,NY,New York,10001,40.713,-74.0072,S&P 500
MAR,Marriott Int'l.,Consumer Discretionary,"Hotels, Resorts & Cruise Lines",1048286,US,MD,Bethesda,20817,39.02541400000001,-77.13696999999998,S&P 500
MMC,Marsh & McLennan,Financials,Insurance Brokers,62709,US,NY,New York,10036,40.756992,-73.98254399999998,S&P 500
MLM,Martin Marietta Materials,Materials,Construction Materials,916076,US,NC,Raleigh,27607,35.819571999999994,-78.691216,S&P 500
MAS,Masco Corp.,Industrials,Building Products,62996,US,MI,Livonia,48152,42.3972,-83.3736,S&P 500
MA,Mastercard Inc.,Information Technology,Data Processing & Outsourced Services,1141391,US,NY,Purchase,10577,41.0337,-73.7135,S&P 500
MKC,McCormick & Co.,Consumer Staples,Packaged Foods & Meats,63754,US,MD,Hunt Valley,21031,39.492428,-76.65374,S&P 500
MXIM,Maxim Integrated Products Inc,Information Technology,Semiconductors,743316,US,CA,San Jose,95134,37.40576,-121.94825,S&P 500
MCD,McDonald's Corp.,Consumer Discretionary,Restaurants,63908,US,IL,Chicago,60607,41.88523,-87.653305,S&P 500
MCK,McKesson Corp.,Health Care,Health Care Distributors,927653,US,TX,Irving,75039,32.8117,-96.9508,S&P 500
MRK,Merck & Co.,Health Care,Pharmaceuticals,310158,US,NJ,Kenilworth,7033,40.6791,-74.27166,S&P 500
MET,MetLife Inc.,Financials,Life & Health Insurance,1099219,US,NY,New York,10166,40.75411,-73.97625,S&P 500
MTD,Mettler Toledo,Health Care,Life Sciences Tools & Services,1037646,US,OH,Columbus,43240,39.9833,-82.9833,S&P 500
MGM,MGM Resorts International,Consumer Discretionary,Casinos & Gaming,789570,US,NV,Las Vegas,89109,36.113598,-115.17288,S&P 500
MCHP,Microchip Technology,Information Technology,Semiconductors,827054,US,AZ,Chandler,85224-6199,33.305946,-111.88181000000002,S&P 500
MU,Micron Technology,Information Technology,Semiconductors,723125,US,ID,Boise,83716-9632,43.528908,-116.15039,S&P 500
MSFT,Microsoft Corp.,Information Technology,Systems Software,789019,US,WA,Redmond,98052-6399,47.6749,-122.124,S&P 500
MAA,Mid-America Apartments,Real Estate,Residential REITs,912595,US,TN,Germantown,38138,35.097815999999995,-89.83582,S&P 500
MHK,Mohawk Industries,Consumer Discretionary,Home Furnishings,851968,US,GA,Calhoun,30701,34.47252,-84.9426,S&P 500
TAP,Molson Coors Beverage Company,Consumer Staples,Brewers,24545,US,CO,Denver,80202,39.747143,-104.98969,S&P 500
MDLZ,Mondelez International,Consumer Staples,Packaged Foods & Meats,1103982,US,IL,Deerfield,60015,42.1683,-87.8514,S&P 500
MNST,Monster Beverage,Consumer Staples,Soft Drinks,865752,US,CA,Corona,92879,33.8667,-117.5667,S&P 500
MCO,Moody's Corp,Financials,Financial Exchanges & Data,1059556,US,NY,New York,10007,40.713,-74.0072,S&P 500
MS,Morgan Stanley,Financials,Investment Banking & Brokerage,895421,US,NY,New York,10036,40.75992,-73.984886,S&P 500
MOS,The Mosaic Company,Materials,Fertilizers & Agricultural Chemicals,1285785,US,FL,Tampa,33602,27.947124,-82.45959,S&P 500
MSI,Motorola Solutions Inc.,Information Technology,Communications Equipment,68505,US,IL,Chicago,60661,41.880596,-87.63977,S&P 500
MSCI,MSCI Inc,Financials,Financial Exchanges & Data,1408198,US,NY,New York,10007,40.713,-74.0072,S&P 500
NDAQ,"Nasdaq, Inc.",Financials,Financial Exchanges & Data,1120193,US,NY,New York,10036,40.755344,-73.9853,S&P 500
NOV,National Oilwell Varco Inc.,Energy,Oil & Gas Equipment & Services,1021860,US,TX,Houston,77036,29.691126,-95.55509,S&P 500
NTAP,NetApp,Information Technology,"Technology Hardware, Storage & Peripherals",1002047,US,CA,Sunnyvale,94089,37.408897,-122.0108,S&P 500
NFLX,Netflix Inc.,Communication Services,Movies & Entertainment,1065280,US,CA,Los Gatos,95032,37.25887700000001,-121.96211,S&P 500
NEM,Newmont Corporation,Materials,Gold,1164727,US,CO,Greenwood Village,80111,39.60155,-104.89063,S&P 500
NWSA,News Corp. Class A,Communication Services,Publishing,1564708,US,NY,New York,10036,40.758404,-73.98153,S&P 500
NWS,News Corp. Class B,Communication Services,Publishing,1564708,US,NY,New York,10036,40.758404,-73.98153,S&P 500
NEE,NextEra Energy,Utilities,Multi-Utilities,753308,US,FL,Juno Beach,33408,26.858162,-80.06002,S&P 500
NLSN,Nielsen Holdings,Industrials,Research & Consulting Services,1492633,US,NY,New York,10004,40.703983,-74.01156999999998,S&P 500
NKE,"Nike, Inc.",Consumer Discretionary,"Apparel, Accessories & Luxury Goods",320187,US,OR,Beaverton,97005-6453,45.4869,-122.8036,S&P 500
NI,NiSource Inc.,Utilities,Multi-Utilities,1111711,US,IN,Merrillville,46410-6272,41.462177,-87.32929,S&P 500
NTRS,Northern Trust Corp.,Financials,Asset Management & Custody Banks,73124,US,IL,Chicago,60603,41.88118,-87.632355,S&P 500
NOC,Northrop Grumman,Industrials,Aerospace & Defense,1133421,US,VA,Falls Church,22042,38.87285,-77.21645,S&P 500
NLOK,NortonLifeLock,Information Technology,Application Software,849399,US,AZ,Tempe,85281,33.43055,-111.93709,S&P 500
NCLH,Norwegian Cruise Line Holdings,Consumer Discretionary,"Hotels, Resorts & Cruise Lines",1513761,US,FL,Miami,33126,25.7751,-80.1947,S&P 500
NRG,NRG Energy,Utilities,Independent Power Producers & Energy Traders,1013871,US,NJ,Princeton,8540,40.352,-74.6607,S&P 500
NUE,Nucor Corp.,Materials,Steel,73309,US,NC,Charlotte,28211,35.15847,-80.834366,S&P 500
NVDA,Nvidia Corporation,Information Technology,Semiconductors,1045810,US,CA,Santa Clara,95051,37.37424,-121.9659,S&P 500
NVR,"NVR, Inc.",Consumer Discretionary,Homebuilding,906163,US,VA,Reston,20190,38.95311,-77.34951,S&P 500
ORLY,O'Reilly Automotive,Consumer Discretionary,Specialty Stores,898173,US,MO,Springfield,65802,37.2079,-93.24816,S&P 500
OXY,Occidental Petroleum,Energy,Oil & Gas Exploration & Production,797468,US,TX,Houston,77046,29.732496,-95.431465,S&P 500
ODFL,Old Dominion Freight Line,Industrials,Trucking,878927,US,NC,Thomasville,27360,35.909668,-80.05851,S&P 500
OMC,Omnicom Group,Communication Services,Advertising,29989,US,NY,New York,10022,40.75751500000001,-73.97583,S&P 500
OKE,ONEOK,Energy,Oil & Gas Storage & Transportation,1039684,US,OK,Tulsa,74103,36.15096,-95.99141,S&P 500
ORCL,Oracle Corp.,Information Technology,Application Software,1341439,US,CA,Redwood City,94065,37.532314,-122.26372,S&P 500
PCAR,PACCAR Inc.,Industrials,Construction Machinery & Heavy Trucks,75362,US,WA,Bellevue,98004,47.6137,-122.1909,S&P 500
PKG,Packaging Corporation of America,Materials,Paper Packaging,75677,US,IL,Lake Forest,60045,42.24255,-87.892715,S&P 500
PH,Parker-Hannifin,Industrials,Industrial Machinery,76334,US,OH,Cleveland,44124-4141,41.5059,-81.45976999999998,S&P 500
PAYX,Paychex Inc.,Information Technology,Data Processing & Outsourced Services,723531,US,NY,Rochester,14625-0397,43.12607,-77.49207,S&P 500
PAYC,Paycom,Information Technology,Application Software,1590955,US,OK,Oklahoma City,73142,35.610413,-97.64593,S&P 500
PYPL,PayPal,Information Technology,Data Processing & Outsourced Services,1633917,US,CA,San Jose,95131,37.3778,-121.92161000000002,S&P 500
PBCT,People's United Financial,Financials,Thrifts & Mortgage Finance,1378946,US,CT,Bridgeport,6604,41.1792,-73.1895,S&P 500
PEP,PepsiCo Inc.,Consumer Staples,Soft Drinks,77476,US,NY,Purchase,10577,41.038567,-73.69818000000002,S&P 500
PKI,PerkinElmer,Health Care,Health Care Equipment,31791,US,MA,Waltham,2451,42.3806,-71.235,S&P 500
PFE,Pfizer Inc.,Health Care,Pharmaceuticals,78003,US,NY,New York,10017,40.750416,-73.97359499999997,S&P 500
PM,Philip Morris International,Consumer Staples,Tobacco,1413329,US,NY,New York,10017,40.75153,-73.97811999999998,S&P 500
PSX,Phillips 66,Energy,Oil & Gas Refining & Marketing,1534701,US,TX,Houston,77042,29.740547,-95.56209,S&P 500
PNW,Pinnacle West Capital,Utilities,Multi-Utilities,764622,US,AZ,Phoenix,85004,33.453537,-112.06748,S&P 500
PXD,Pioneer Natural Resources,Energy,Oil & Gas Exploration & Production,1038357,US,TX,Irving,75039,32.8117,-96.9508,S&P 500
PNC,PNC Financial Services,Financials,Regional Banks,713676,US,PA,Pittsburgh,15222-2401,40.4422,-79.995,S&P 500
POOL,Pool Corporation,Consumer Discretionary,Distributors,945841,US,LA,Covington,70433-5001,30.4789,-90.1042,S&P 500
PPG,PPG Industries,Materials,Specialty Chemicals,79879,US,PA,Pittsburgh,15272,40.4422,-79.995,S&P 500
PPL,PPL Corp.,Utilities,Electric Utilities,922224,US,PA,Allentown,18101-1179,40.6028,-75.4698,S&P 500
PFG,Principal Financial Group,Financials,Life & Health Insurance,1126328,US,IA,Des Moines,50392,41.58815,-93.62698,S&P 500
PG,Procter & Gamble,Consumer Staples,Personal Products,80424,US,OH,Cincinnati,45202,39.1037,-84.5136,S&P 500
PGR,Progressive Corp.,Financials,Property & Casualty Insurance,80661,US,OH,Mayfield Village,44143,41.538944,-81.45281999999997,S&P 500
PRU,Prudential Financial,Financials,Life & Health Insurance,1137774,US,NJ,Newark,7102,40.736744,-74.17148,S&P 500
PEG,Public Service Enterprise Group (PSEG),Utilities,Electric Utilities,788784,US,NJ,Newark,07102-4194,40.7242,-74.1726,S&P 500
PSA,Public Storage,Real Estate,Specialized REITs,1393311,US,CA,Glendale,91201-2349,34.1659,-118.29521,S&P 500
PVH,PVH Corp.,Consumer Discretionary,"Apparel, Accessories & Luxury Goods",78239,US,NY,New York,10016,40.748486,-73.982445,S&P 500
QRVO,Qorvo,Information Technology,Semiconductors,1604778,US,NC,Greensboro,27409,36.076504,-79.961334,S&P 500
PWR,Quanta Services Inc.,Industrials,Construction & Engineering,1050915,US,TX,Houston,77056-6175,29.73777,-95.46067,S&P 500
QCOM,QUALCOMM Inc.,Information Technology,Semiconductors,804328,US,CA,San Diego,92121,32.897007,-117.19613,S&P 500
DGX,Quest Diagnostics,Health Care,Health Care Services,1022079,US,NJ,Secaucus,7094,40.787704,-74.04316999999998,S&P 500
RL,Ralph Lauren Corporation,Consumer Discretionary,"Apparel, Accessories & Luxury Goods",1037038,US,NY,New York,10022,40.764168,-73.971,S&P 500
RJF,Raymond James Financial Inc.,Financials,Investment Banking & Brokerage,720005,US,FL,St Petersburg,33716,27.886093,-82.66539,S&P 500
RTX,Raytheon Technologies,Industrials,Aerospace & Defense,101829,US,CT,Farmington,6032,41.70833,-72.803925,S&P 500
O,Realty Income Corporation,Real Estate,Retail REITs,726728,US,CA,San Diego,92130,32.9359,-117.23786,S&P 500
REG,Regency Centers Corporation,Real Estate,Retail REITs,910606,US,FL,Jacksonville,32202,30.3369,-81.6614,S&P 500
REGN,Regeneron Pharmaceuticals,Health Care,Biotechnology,872589,US,NY,Tarrytown,10591,41.080143,-73.8443,S&P 500
RF,Regions Financial Corp.,Financials,Regional Banks,1281761,US,AL,Birmingham,35203,33.51749,-86.80946999999998,S&P 500
RSG,Republic Services Inc,Industrials,Environmental & Facilities Services,1060391,US,AZ,Phoenix,85054,33.45,-112.0667,S&P 500
RMD,ResMed,Health Care,Health Care Equipment,943819,US,CA,San Diego,92123,32.715,-117.1625,S&P 500
RHI,Robert Half International,Industrials,Human Resource & Employment Services,315213,US,CA,Menlo Park,94025,37.42048,-122.21211,S&P 500
ROK,Rockwell Automation Inc.,Industrials,Electrical Components & Equipment,1024478,US,WI,Milwaukee,53204,43.01892,-87.91265,S&P 500
ROL,Rollins Inc.,Industrials,Environmental & Facilities Services,84839,US,GA,Atlanta,30324,33.816322,-84.3667,S&P 500
ROP,Roper Technologies,Industrials,Industrial Conglomerates,882835,US,FL,Sarasota,34240,27.382893,-82.43177,S&P 500
ROST,Ross Stores,Consumer Discretionary,Apparel Retail,745732,US,CA,Dublin,94568,37.711304,-121.88807,S&P 500
RCL,Royal Caribbean Group,Consumer Discretionary,"Hotels, Resorts & Cruise Lines",884887,US,FL,Miami,33132,25.776655,-80.17684,S&P 500
SPGI,"S&P Global, Inc.",Financials,Financial Exchanges & Data,64040,US,NY,New York,10041,40.704014,-74.00908000000003,S&P 500
SBAC,SBA Communications,Real Estate,Specialized REITs,1034054,US,FL,Boca Raton,33487,26.419909000000004,-80.0939,S&P 500
SLB,Schlumberger Ltd.,Energy,Oil & Gas Equipment & Services,87347,US,TX,Houston,77056,29.750038,-95.47435,S&P 500
SEE,Sealed Air,Materials,Paper Packaging,1012100,US,NC,Charlotte,28208,35.197845,-80.91606,S&P 500
SRE,Sempra Energy,Utilities,Multi-Utilities,1032208,US,CA,San Diego,92101,32.710262,-117.157394,S&P 500
NOW,ServiceNow,Information Technology,Systems Software,1373715,US,CA,Santa Clara,95054,37.375412,-121.96266,S&P 500
SHW,Sherwin-Williams,Materials,Specialty Chemicals,89800,US,OH,Cleveland,44115,41.49807,-81.691376,S&P 500
SPG,Simon Property Group Inc,Real Estate,Retail REITs,1063761,US,IN,Indianapolis,46204-3438,39.767166,-86.16223000000002,S&P 500
SWKS,Skyworks Solutions,Information Technology,Semiconductors,4127,US,MA,Woburn,1801,42.498444,-71.16569,S&P 500
SLG,SL Green Realty,Real Estate,Office REITs,1040971,US,NY,New York,10170,40.75231,-73.975426,S&P 500
SNA,Snap-on,Industrials,Industrial Machinery,91440,US,WI,Kenosha,53143,42.55875,-87.84275,S&P 500
SO,Southern Company,Utilities,Electric Utilities,92122,US,GA,Atlanta,30308,33.7485,-84.3915,S&P 500
LUV,Southwest Airlines,Industrials,Airlines,92380,US,TX,Dallas,75235,32.846737,-96.86366,S&P 500
SWK,Stanley Black & Decker,Industrials,Industrial Machinery,93556,US,CT,New Britain,6053,41.693882,-72.80528000000002,S&P 500
SBUX,Starbucks Corp.,Consumer Discretionary,Restaurants,829224,US,WA,Seattle,98124-1067,47.6032,-122.3303,S&P 500
STT,State Street Corp.,Financials,Asset Management & Custody Banks,93751,US,MA,Boston,2111,42.3581,-71.0636,S&P 500
SYK,Stryker Corp.,Health Care,Health Care Equipment,310764,US,MI,Kalamazoo,49002,42.24184,-85.55648000000002,S&P 500
SIVB,SVB Financial,Financials,Regional Banks,719739,US,CA,Santa Clara,95054,37.3544,-121.9692,S&P 500
SYF,Synchrony Financial,Financials,Consumer Finance,1601712,US,CT,Stamford,06902-1250,41.096535,-73.56404,S&P 500
SNPS,Synopsys Inc.,Information Technology,Application Software,883241,US,CA,Mountain View,94043,37.3901,-122.0814,S&P 500
SYY,Sysco Corp.,Consumer Staples,Food Distributors,96021,US,TX,Houston,77077,29.759052,-95.61873,S&P 500
TMUS,T-Mobile US,Communication Services,Wireless Telecommunication Services,1283699,US,WA,Bellevue,98006,47.576073,-122.16849,S&P 500
TROW,T. Rowe Price Group,Financials,Asset Management & Custody Banks,1113169,US,MD,Baltimore,21289-0320,39.286568,-76.61334000000002,S&P 500
TTWO,Take-Two Interactive,Communication Services,Interactive Home Entertainment,946581,US,NY,New York,10036,40.75632,-73.98361,S&P 500
TPR,"Tapestry, Inc.",Consumer Discretionary,"Apparel, Accessories & Luxury Goods",1116132,US,NY,New York,10001,40.713,-74.0072,S&P 500
TGT,Target Corp.,Consumer Discretionary,General Merchandise Stores,27419,US,MN,Minneapolis,55403,44.97389,-93.274765,S&P 500
TDY,Teledyne Technologies,Industrials,Aerospace & Defense,1094285,US,CA,Thousand Oaks,91360,34.1894,-118.875,S&P 500
TFX,Teleflex,Health Care,Health Care Equipment,96943,US,PA,Wayne,19087,40.0755,-75.424286,S&P 500
TER,Teradyne,Information Technology,Semiconductor Equipment,97210,US,MA,North Reading,1864,42.556522,-71.13386,S&P 500
TXN,Texas Instruments,Information Technology,Semiconductors,97476,US,TX,Dallas,75266,32.7758,-96.7967,S&P 500
TXT,Textron Inc.,Industrials,Aerospace & Defense,217346,US,RI,Providence,2903,41.824734,-71.41019,S&P 500
TMO,Thermo Fisher Scientific,Health Care,Life Sciences Tools & Services,97745,US,MA,Waltham,2451,42.396214,-71.25975,S&P 500
TIF,Tiffany & Co.,Consumer Discretionary,"Apparel, Accessories & Luxury Goods",98246,US,NY,New York,10022,40.762627,-73.974205,S&P 500
TJX,TJX Companies Inc.,Consumer Discretionary,Apparel Retail,109198,US,MA,Framingham,1701,42.30869000000001,-71.382706,S&P 500
TSCO,Tractor Supply Company,Consumer Discretionary,Specialty Stores,916365,US,TN,Brentwood,37027,36.034004,-86.81336,S&P 500
TDG,TransDigm Group,Industrials,Aerospace & Defense,1260221,US,OH,Cleveland,44114,41.5039,-81.689964,S&P 500
TRV,The Travelers Companies Inc.,Financials,Property & Casualty Insurance,86312,US,MN,Saint Paul,55102,44.946167,-93.09742,S&P 500
TFC,Truist Financial,Financials,Regional Banks,92230,US,NC,Charlotte,28202,35.228146,-80.84172,S&P 500
TWTR,"Twitter, Inc.",Communication Services,Interactive Media & Services,1418091,US,CA,San Francisco,94103,37.776924,-122.41689,S&P 500
TYL,Tyler Technologies,Information Technology,Application Software,860731,US,TX,Plano,75024,33.064857,-96.800964,S&P 500
TSN,Tyson Foods,Consumer Staples,Packaged Foods & Meats,100493,US,AR,Springdale,72762-6999,36.15265,-94.15141,S&P 500
UDR,"UDR, Inc.",Real Estate,Residential REITs,74208,US,CO,Highlands Ranch,80129,39.55327,-105.00925,S&P 500
ULTA,Ulta Beauty,Consumer Discretionary,Specialty Stores,1403568,US,IL,Bolingbrook,60440,41.678173,-88.10588,S&P 500
USB,U.S. Bancorp,Financials,Diversified Banks,36104,US,MN,Minneapolis,55402-7020,44.9833,-93.2667,S&P 500
UAA,Under Armour (Class A),Consumer Discretionary,"Apparel, Accessories & Luxury Goods",1336917,US,MD,Baltimore,21230,39.275135,-76.590294,S&P 500
UA,Under Armour (Class C),Consumer Discretionary,"Apparel, Accessories & Luxury Goods",1336917,US,MD,Baltimore,21230,39.275135,-76.590294,S&P 500
UNP,Union Pacific Corp,Industrials,Railroads,100885,US,NE,Omaha,68179,41.25865,-95.93462,S&P 500
UAL,United Airlines Holdings,Industrials,Airlines,100517,US,IL,Chicago,60606,41.8832,-87.6324,S&P 500
UNH,UnitedHealth Group Inc.,Health Care,Managed Health Care,731766,US,MN,Minneapolis,55343,44.9833,-93.2667,S&P 500
UPS,United Parcel Service,Industrials,Air Freight & Logistics,1090727,US,GA,Atlanta,30328,33.7485,-84.3915,S&P 500
URI,"United Rentals, Inc.",Industrials,Trading Companies & Distributors,1067701,US,CT,Stamford,6902,41.0519,-73.5395,S&P 500
UHS,Universal Health Services,Health Care,Health Care Facilities,352915,US,PA,King Of Prussia,19406,40.09280800000001,-75.43964,S&P 500
UNM,Unum Group,Financials,Life & Health Insurance,5513,US,TN,Chattanooga,37402,35.0456,-85.2672,S&P 500
VLO,Valero Energy,Energy,Oil & Gas Refining & Marketing,1035002,US,TX,San Antonio,78269-6000,29.4167,-98.5,S&P 500
VAR,Varian Medical Systems,Health Care,Health Care Equipment,203527,US,CA,Palo Alto,94304-1038,37.4292,-122.1381,S&P 500
VTR,Ventas Inc,Real Estate,Health Care REITs,740260,US,IL,Chicago,60654,41.888638,-87.63104,S&P 500
VRSN,Verisign Inc.,Information Technology,Internet Services & Infrastructure,1014473,US,VA,Reston,20190,38.957172,-77.36219,S&P 500
VRSK,Verisk Analytics,Industrials,Research & Consulting Services,1442145,US,NJ,Jersey City,07310-1686,40.73072,-74.03454,S&P 500
VZ,Verizon Communications,Communication Services,Integrated Telecommunication Services,732712,US,NY,New York,10036,40.754074,-73.98468000000003,S&P 500
VRTX,Vertex Pharmaceuticals Inc,Health Care,Biotechnology,875320,US,MA,Boston,2210,42.353996,-71.04828,S&P 500
VFC,VF Corporation,Consumer Discretionary,"Apparel, Accessories & Luxury Goods",103379,US,CO,Greenwood Village,80111,39.609325,-104.89077,S&P 500
VIAC,ViacomCBS,Communication Services,Movies & Entertainment,813828,US,NY,New York,10036,40.75753,-73.985725,S&P 500
VTRS,Viatris,Health Care,Pharmaceuticals,1792044,US,NY,New York,10017,40.75042,-73.97361,S&P 500
VNO,Vornado Realty Trust,Real Estate,Office REITs,899689,US,NY,New York,10019,40.76513,-73.98033000000002,S&P 500
VMC,Vulcan Materials,Materials,Construction Materials,1396009,US,AL,Birmingham,35242,33.483665,-86.704346,S&P 500
WRB,W. R. Berkley Corporation,Financials,Property & Casualty Insurance,11544,US,CT,Greenwich,6830,41.018394,-73.62342,S&P 500
WAB,Westinghouse Air Brake Technologies Corp,Industrials,Construction Machinery & Heavy Trucks,943452,US,PA,Pittsburgh,15212,40.447586,-80.003876,S&P 500
WMT,Walmart,Consumer Staples,Hypermarkets & Super Centers,104169,US,AR,Bentonville,72716,36.364277,-94.21683,S&P 500
WBA,Walgreens Boots Alliance,Consumer Staples,Drug Retail,1618921,US,IL,Deerfield,60015,42.156742,-87.86737,S&P 500
DIS,The Walt Disney Company,Communication Services,Movies & Entertainment,1744489,US,CA,Burbank,91521,34.15509,-118.326584,S&P 500
WM,Waste Management Inc.,Industrials,Environmental & Facilities Services,823768,US,TX,Houston,77002,29.756369,-95.36409,S&P 500
WAT,Waters Corporation,Health Care,Health Care Distributors,1000697,US,MA,Milford,1757,42.141457,-71.487686,S&P 500
WEC,WEC Energy Group,Utilities,Electric Utilities,783325,US,WI,Milwaukee,53201,43.037373,-87.91356,S&P 500
WFC,Wells Fargo,Financials,Diversified Banks,72971,US,CA,San Francisco,94163,37.793087,-122.40281,S&P 500
WELL,Welltower Inc.,Real Estate,Health Care REITs,766704,US,OH,Toledo,43615,41.652874,-83.64825,S&P 500
WST,West Pharmaceutical Services,Health Care,Health Care Supplies,105770,US,PA,Exton,19341,40.033,-75.6315,S&P 500
WDC,Western Digital,Information Technology,"Technology Hardware, Storage & Peripherals",106040,US,CA,San Jose,95119,37.250645,-121.79506,S&P 500
WRK,WestRock,Materials,Paper Packaging,1732845,US,GA,Atlanta,30328,33.933342,-84.35372,S&P 500
WY,Weyerhaeuser,Real Estate,Specialized REITs,106535,US,WA,Seattle,98104,47.60067,-122.33287,S&P 500
WHR,Whirlpool Corp.,Consumer Discretionary,Household Appliances,106640,US,MI,Benton Harbor,49022-2692,42.148712,-86.44712,S&P 500
WMB,Williams Companies,Energy,Oil & Gas Storage & Transportation,107263,US,OK,Tulsa,74172,36.1314,-95.9372,S&P 500
WYNN,Wynn Resorts Ltd,Consumer Discretionary,Casinos & Gaming,1174922,US,NV,Las Vegas,89109,36.12985,-115.1664,S&P 500
XEL,Xcel Energy Inc,Utilities,Multi-Utilities,72903,US,MN,Minneapolis,55401,44.979618,-93.26998,S&P 500
XRX,Xerox,Information Technology,"Technology Hardware, Storage & Peripherals",1770450,US,CT,Norwalk,6851,41.0939,-73.4197,S&P 500
XLNX,Xilinx,Information Technology,Semiconductors,743988,US,CA,San Jose,95124,37.25346,-121.93313,S&P 500
XYL,Xylem Inc.,Industrials,Industrial Machinery,1524472,US,NY,Rye Brook,10573,41.051373,-73.68816,S&P 500
YUM,Yum! Brands Inc,Consumer Discretionary,Restaurants,1041061,US,KY,Louisville,40213,38.19813,-85.69445,S&P 500
ZBRA,Zebra Technologies,Information Technology,Electronic Equipment & Instruments,877212,US,IL,Lincolnshire,60069,42.18594,-87.93148000000002,S&P 500
ZBH,Zimmer Biomet,Health Care,Health Care Equipment,1136869,US,IN,Warsaw,46580,41.239094,-85.85476,S&P 500
ZION,Zions Bancorp,Financials,Regional Banks,109380,US,UT,Salt Lake City,84133,40.75,-111.8833,S&P 500
ZTS,Zoetis,Health Care,Pharmaceuticals,1555280,US,NJ,Parsippany,7054,40.84754,-74.450554,S&P 500
ATVI,Activision Blizzard,Communication Services,Interactive Home Entertainment,718877.0,US,CA,Santa Monica,90405,34.02035,-118.45312,NASDAQ
ADBE,Adobe Inc.,Information Technology,Application Software,796343.0,US,CA,San Jose,95110-2704,37.3333,-121.9,NASDAQ
AMD,Advanced Micro Devices,Information Technology,Semiconductors,2488.0,US,CA,Santa Clara,95054,37.382294,-121.97213,NASDAQ
ALXN,Alexion Pharmaceuticals,Health Care,Pharmaceuticals,899866.0,US,MA,Boston,2210,42.350197,-71.04221,NASDAQ
ALGN,Align Technology,Health Care,Health Care Supplies,1097149.0,US,CA,San Jose,95134,37.38986,-121.93604,NASDAQ
GOOGL,Alphabet Inc. (Class A),Communication Services,Interactive Media & Services,1652044.0,US,CA,Mountain View,94043,37.42353,-122.086815,NASDAQ
GOOG,Alphabet Inc. (Class C),Communication Services,Interactive Media & Services,1652044.0,US,CA,Mountain View,94043,37.42353,-122.086815,NASDAQ
AMZN,Amazon.com,Consumer Discretionary,Internet & Direct Marketing Retail,1018724.0,US,WA,Seattle,98109,47.622227,-122.33714,NASDAQ
AMGN,Amgen,Health Care,Biotechnology,318154.0,US,CA,Thousand Oaks,91320,34.1894,-118.875,NASDAQ
ADI,Analog Devices,Information Technology,Semiconductors,6281.0,US,MA,Norwood,2062,42.1944,-71.2,NASDAQ
ANSS,ANSYS,Information Technology,Application Software,1013462.0,US,PA,Canonsburg,15317,40.2627,-80.1877,NASDAQ
AAPL,Apple Inc.,Information Technology,"Technology Hardware, Storage & Peripherals",320193.0,US,CA,Cupertino,95014,37.3175,-122.0419,NASDAQ
AMAT,"Applied Materials, Inc.",Information Technology,Semiconductor Equipment,6951.0,US,CA,Santa Clara,95054-3299,37.3544,-121.9692,NASDAQ
ADSK,Autodesk,Information Technology,Application Software,769397.0,US,CA,San Rafael,94903,38.005547,-122.53243,NASDAQ
ADP,"Automatic Data Processing, Inc.",Information Technology,Internet Services & Infrastructure,8670.0,US,NJ,Roseland,7068,40.8199,-74.3102,NASDAQ
BIIB,Biogen,Health Care,Biotechnology,875045.0,US,MA,Cambridge,2142,42.36597,-71.08455,NASDAQ
BMRN,BioMarin Pharmaceutical Inc.,Health Care,Biotechnology,1048477.0,US,CA,Novato,94949,38.07101,-122.53072,NASDAQ
BKNG,Booking Holdings,Consumer Discretionary,Internet & Direct Marketing Retail,1075531.0,US,CT,Norwalk,6854,41.09282,-73.45238499999998,NASDAQ
AVGO,Broadcom Inc.,Information Technology,Semiconductors,1730168.0,US,CA,San Jose,95131,37.385223,-121.90135,NASDAQ
CDNS,Cadence Design Systems,Information Technology,Application Software,813672.0,US,CA,San Jose,95134,37.397095,-121.91946000000002,NASDAQ
CDW,CDW,Information Technology,Technology Distributors,1402057.0,US,IL,Vernon Hills,60061,42.230747,-87.942474,NASDAQ
CERN,Cerner Corporation,Health Care,Health Care Technology,804753.0,US,MO,Kansas City,64117,39.148613,-94.54717,NASDAQ
CHTR,"Charter Communications, Inc.",Communication Services,Cable & Satellite,1091667.0,US,CT,Stamford,6901,41.05063,-73.53953,NASDAQ
CTAS,Cintas Corporation,Industrials,Diversified Support Services,723254.0,US,OH,Cincinnati,45262,39.1037,-84.5136,NASDAQ
CSCO,Cisco Systems,Information Technology,Communications Equipment,858877.0,US,CA,San Jose,95134-1706,37.410137,-121.95387,NASDAQ
CTXS,Citrix Systems,Information Technology,Application Software,877890.0,US,FL,Fort  Lauderdale,33309,26.203424,-80.15078000000003,NASDAQ
CTSH,Cognizant Technology Solutions Corporation,Information Technology,IT Consulting & Other Services,1058290.0,US,NJ,Teaneck,7666,40.87237,-74.00674000000002,NASDAQ
CMCSA,Comcast Corporation,Communication Services,Cable & Satellite,1166691.0,US,PA,Philadelphia,19103-2838,39.95,-75.1667,NASDAQ
CPRT,Copart,Industrials,Diversified Support Services,900075.0,US,TX,Dallas,75254,32.93918,-96.82226,NASDAQ
COST,Costco Wholesale Corporation,Consumer Staples,Hypermarkets & Super Centers,909832.0,US,WA,Issaquah,-98027,47.54949600000001,-122.05002,NASDAQ
CSX,CSX Corporation,Industrials,Railroads,277948.0,US,FL,Jacksonville,32202,30.326124,-81.66462,NASDAQ
DXCM,DexCom,Health Care,Health Care Equipment,1093557.0,US,CA,San Diego,92121,32.907309999999995,-117.185265,NASDAQ
DOCU,DocuSign,Software & Services,Application Software,1261333.0,US,CA,San Francisco,94105,37.790306,-122.39301,NASDAQ
DLTR,"Dollar Tree, Inc.",Consumer Discretionary,General Merchandise Stores,935703.0,US,VA,Chesapeake,23320,36.76693,-76.24311,NASDAQ
EBAY,eBay Inc.,Consumer Discretionary,Internet & Direct Marketing Retail,1065088.0,US,CA,San Jose,95125,37.29627,-121.92695,NASDAQ
EA,Electronic Arts,Communication Services,Interactive Home Entertainment,712515.0,US,CA,Redwood City,94065,37.51901,-122.252426,NASDAQ
EXC,Exelon Corporation,Utilities,Multi-Utilities,1109357.0,US,IL,Chicago,60680-5398,41.8832,-87.6324,NASDAQ
EXPE,Expedia Group,Consumer Discretionary,Internet & Direct Marketing Retail,1324424.0,US,WA,Seattle,98119,47.6032,-122.3303,NASDAQ
FB,"Facebook, Inc.",Communication Services,Interactive Media & Services,1326801.0,US,CA,Menlo Park,94025,37.4528,-122.1833,NASDAQ
FAST,Fastenal Company,Industrials,Building Products,815556.0,US,MN,Winona,55987,44.06424000000001,-91.6888,NASDAQ
FISV,"Fiserv, Inc.",Information Technology,Data Processing & Outsourced Services,798354.0,US,WI,Brookfield,53045,43.034138,-88.14014,NASDAQ
FOXA,Fox Corporation (Class A),Communication Services,Movies & Entertainment,1754301.0,US,NY,New York,10036,40.758404,-73.98153,NASDAQ
FOX,Fox Corporation (Class B),Communication Services,Movies & Entertainment,1754301.0,US,NY,New York,10036,40.758404,-73.98153,NASDAQ
GILD,"Gilead Sciences, Inc.",Health Care,Biotechnology,882095.0,US,CA,Foster City,94404,37.567833,-122.28318,NASDAQ
IDXX,IDEXX Laboratories,Health Care,Health Care Equipment,874716.0,US,ME,Westbrook,04092-2041,43.6853,-70.3572,NASDAQ
ILMN,"Illumina, Inc.",Health Care,Life Sciences Tools & Services,1110803.0,US,CA,San Diego,92122,32.715,-117.1625,NASDAQ
INCY,Incyte Corporation,Health Care,Biotechnology,879169.0,US,DE,Wilmington,19803,39.76133,-75.55548,NASDAQ
INTC,Intel Corporation,Information Technology,Semiconductors,50863.0,US,CA,Santa Clara,95054,37.38863,-121.96352,NASDAQ
INTU,Intuit,Information Technology,Application Software,896878.0,US,CA,Mountain View,94043,37.43062000000001,-122.097984,NASDAQ
ISRG,Intuitive Surgical,Health Care,Health Care Equipment,1035267.0,US,CA,Sunnyvale,94086,37.3711,-122.0375,NASDAQ
KDP,Keurig Dr Pepper Inc.,Consumer Staples,Soft Drinks,1418135.0,US,MA,Burlington,1803,42.48204000000001,-71.220535,NASDAQ
KLAC,KLA Corporation,Information Technology,Semiconductor Equipment,319201.0,US,CA,Milpitas,95035,37.4308,-121.8975,NASDAQ
KHC,Kraft Heinz Co,Consumer Staples,Packaged Foods & Meats,1637459.0,US,PA,Pittsburgh,15222,40.4422,-79.995,NASDAQ
LRCX,Lam Research,Information Technology,Semiconductor Equipment,707549.0,US,CA,Fremont,94538,37.483875,-121.96457,NASDAQ
MAR,Marriott International,Consumer Discretionary,"Hotels, Resorts & Cruise Lines",1048286.0,US,MD,Bethesda,20817,39.02541400000001,-77.13696999999998,NASDAQ
MXIM,Maxim Integrated Products,Information Technology,Semiconductors,743316.0,US,CA,San Jose,95134,37.40576,-121.94825,NASDAQ
MCHP,Microchip Technology,Information Technology,Semiconductors,827054.0,US,AZ,Chandler,85224-6199,33.305946,-111.88181000000002,NASDAQ
MU,"Micron Technology, Inc.",Information Technology,Semiconductors,723125.0,US,ID,Boise,83716-9632,43.528908,-116.15039,NASDAQ
MSFT,Microsoft Corporation,Information Technology,Systems Software,789019.0,US,WA,Redmond,98052-6399,47.6749,-122.124,NASDAQ
MRNA,Moderna,Health Care,Biotechnology,1682852.0,US,MA,Cambridge,2139,42.363003000000006,-71.09134,NASDAQ
MDLZ,Mondelƒìz International,Consumer Staples,Packaged Foods & Meats,1103982.0,US,IL,Deerfield,60015,42.1683,-87.8514,NASDAQ
MNST,Monster Beverage Corporation,Consumer Staples,Soft Drinks,865752.0,US,CA,Corona,92879,33.8667,-117.5667,NASDAQ
NFLX,Netflix,Communication Services,Movies & Entertainment,1065280.0,US,CA,Los Gatos,95032,37.25887700000001,-121.96211,NASDAQ
NVDA,Nvidia Corporation,Information Technology,Semiconductors,1045810.0,US,CA,Santa Clara,95051,37.37424,-121.9659,NASDAQ
ORLY,"O'Reilly Automotive, Inc.",Consumer Discretionary,Specialty Stores,898173.0,US,MO,Springfield,65802,37.2079,-93.24816,NASDAQ
PCAR,PACCAR Inc.,Industrials,Construction Machinery & Heavy Trucks,75362.0,US,WA,Bellevue,98004,47.6137,-122.1909,NASDAQ
PAYX,"Paychex, Inc.",Information Technology,Data Processing & Outsourced Services,723531.0,US,NY,Rochester,14625-0397,43.12607,-77.49207,NASDAQ
PYPL,PayPal,Information Technology,Data Processing & Outsourced Services,1633917.0,US,CA,San Jose,95131,37.3778,-121.92161000000002,NASDAQ
PEP,"PepsiCo, Inc.",Consumer Staples,Soft Drinks,77476.0,US,NY,Purchase,10577,41.038567,-73.69818000000002,NASDAQ
QCOM,QUALCOMM,Information Technology,Semiconductors,804328.0,US,CA,San Diego,92121,32.897007,-117.19613,NASDAQ
REGN,Regeneron Pharmaceuticals,Health Care,Biotechnology,872589.0,US,NY,Tarrytown,10591,41.080143,-73.8443,NASDAQ
ROST,Ross Stores Inc.,Consumer Discretionary,Apparel Retail,745732.0,US,CA,Dublin,94568,37.711304,-121.88807,NASDAQ
SGEN,Seagen Inc.,Health Care,Biotechnology,1060736.0,US,WA,Bothell,98021,47.799892,-122.19616,NASDAQ
SIRI,"Sirius XM Radio, Inc.",Communication Services,Broadcasting,908937.0,US,NY,New York,10104,40.760864,-73.97971,NASDAQ
SWKS,"Skyworks Solutions, Inc.",Information Technology,Semiconductors,4127.0,US,MA,Woburn,1801,42.498444,-71.16569,NASDAQ
SPLK,Splunk,Information Technology,Application Software,1353283.0,US,CA,San Francisco,94107,37.782505,-122.39126,NASDAQ
SBUX,Starbucks Corporation,Consumer Discretionary,Restaurants,829224.0,US,WA,Seattle,98124-1067,47.6032,-122.3303,NASDAQ
SNPS,"Synopsys, Inc.",Information Technology,Application Software,883241.0,US,CA,Mountain View,94043,37.3901,-122.0814,NASDAQ
TMUS,T-Mobile US,Communication Services,Wireless Telecommunication Services,1283699.0,US,WA,Bellevue,98006,47.576073,-122.16849,NASDAQ
TTWO,"Take-Two Interactive, Inc.",Communication Services,Interactive Home Entertainment,946581.0,US,NY,New York,10036,40.75632,-73.98361,NASDAQ
TSLA,"Tesla, Inc.",Consumer Discretionary,Automobile Manufacturers,1318605.0,US,CA,Palo Alto,94304,37.39615,-122.15153,NASDAQ
TXN,Texas Instruments,Information Technology,Semiconductors,97476.0,US,TX,Dallas,75266,32.7758,-96.7967,NASDAQ
ULTA,Ulta Beauty,Consumer Discretionary,Specialty Stores,1403568.0,US,IL,Bolingbrook,60440,41.678173,-88.10588,NASDAQ
VRSN,Verisign,Information Technology,Internet Services & Infrastructure,1014473.0,US,VA,Reston,20190,38.957172,-77.36219,NASDAQ
VRSK,Verisk Analytics,Industrials,Research & Consulting Services,1442145.0,US,NJ,Jersey City,07310-1686,40.73072,-74.03454,NASDAQ
VRTX,Vertex Pharmaceuticals,Health Care,Biotechnology,875320.0,US,MA,Boston,2210,42.353996,-71.04828,NASDAQ
WBA,"Walgreen Boots Alliance, Inc.",Consumer Staples,Drug Retail,1618921.0,US,IL,Deerfield,60015,42.156742,-87.86737,NASDAQ
WDAY,"Workday, Inc.",Information Technology,Application Software,1327811.0,US,CA,Pleasanton,94588,37.6625,-121.8747,NASDAQ
XEL,"Xcel Energy, Inc.",Utilities,Electric Utilities,72903.0,US,MN,Minneapolis,55401,44.979618,-93.26998,NASDAQ
XLNX,"Xilinx, Inc.",Information Technology,Semiconductors,743988.0,US,CA,San Jose,95124,37.25346,-121.93313,NASDAQ
ZM,Zoom Video Communications,Information Technology,Application Software,1585521.0,US,CA,San Jose,95113,37.33268,-121.89392,NASDAQ
